Title,URL,Description,Details,ShortDetails,Resource,Type,Identifiers,Db,EntrezUID,Properties
Early nutrition in combination with polymorphisms in fatty acid desaturase gene cluster modulate fatty acid composition of cheek cells' glycerophospholipids in school-age children.,/pubmed/31638497,"Martínez-Zaldívar C, Azaryah H, García-Santos JA, Demmelmair H, Altmäe S, Reischl E, Rzehak P, Koletzko B, Campoy C; NUHEAL team..",Br J Nutr. 2019 Sep;122(s1):S68-S79. doi: 10.1017/S0007114518002623.,Br J Nutr.  2019,PubMed,citation,PMID:31638497,pubmed,31638497,create date:2019/10/23 | first author:Martínez-Zaldívar C
Dynamic Metabolic Rewiring Enables Efficient Acetyl Coenzyme A Assimilation in Paracoccus denitrificans.,/pubmed/31289174,"Kremer K, van Teeseling MCF, Schada von Borzyskowski L, Bernhardsgrütter I, van Spanning RJM, Gates AJ, Remus-Emsermann MNP, Thanbichler M, Erb TJ.",MBio. 2019 Jul 9;10(4). pii: e00805-19. doi: 10.1128/mBio.00805-19.,MBio.  2019,PubMed,citation,PMID:31289174 | PMCID:PMC6747724,pubmed,31289174,create date:2019/07/11 | first author:Kremer K
Distinct modes of mitochondrial metabolism uncouple T cell differentiation and function.,/pubmed/31217581,"Bailis W, Shyer JA, Zhao J, Canaveras JCG, Al Khazal FJ, Qu R, Steach HR, Bielecki P, Khan O, Jackson R, Kluger Y, Maher LJ 3rd, Rabinowitz J, Craft J, Flavell RA.",Nature. 2019 Jul;571(7765):403-407. doi: 10.1038/s41586-019-1311-3. Epub 2019 Jun 19. Erratum in: Nature. 2019 Sep;573(7773):E2. ,Nature.  2019,PubMed,citation,PMID:31217581,pubmed,31217581,create date:2019/06/21 | first author:Bailis W
Enhanced flux prediction by integrating relative expression and relative metabolite abundance into thermodynamically consistent metabolic models.,/pubmed/31083653,"Pandey V, Hadadi N, Hatzimanikatis V.",PLoS Comput Biol. 2019 May 13;15(5):e1007036. doi: 10.1371/journal.pcbi.1007036. eCollection 2019 May.,PLoS Comput Biol.  2019,PubMed,citation,PMID:31083653 | PMCID:PMC6532942,pubmed,31083653,create date:2019/05/15 | first author:Pandey V
Maternal and fetal genetic effects on birth weight and their relevance to cardio-metabolic risk factors.,/pubmed/31043758,"Warrington NM, Beaumont RN, Horikoshi M, Day FR, Helgeland Ø, Laurin C, Bacelis J, Peng S, Hao K, Feenstra B, Wood AR, Mahajan A, Tyrrell J, Robertson NR, Rayner NW, Qiao Z, Moen GH, Vaudel M, Marsit CJ, Chen J, Nodzenski M, Schnurr TM, et al.",Nat Genet. 2019 May;51(5):804-814. doi: 10.1038/s41588-019-0403-1. Epub 2019 May 1.,Nat Genet.  2019,PubMed,citation,PMID:31043758 | PMCID:PMC6522365,pubmed,31043758,create date:2019/05/03 | first author:Warrington NM
Epigenetic Effects of n-3 LCPUFAs: A Role in Pediatric Metabolic Syndrome.,/pubmed/31035722,"Amatruda M, Ippolito G, Vizzuso S, Vizzari G, Banderali G, Verduci E.",Int J Mol Sci. 2019 Apr 29;20(9). pii: E2118. doi: 10.3390/ijms20092118. Review.,Int J Mol Sci.  2019,PubMed,citation,PMID:31035722 | PMCID:PMC6539774,pubmed,31035722,create date:2019/05/01 | first author:Amatruda M
Developmental Trajectories of Early Life Stress and Trauma: A Narrative Review on Neurobiological Aspects Beyond Stress System Dysregulation.,/pubmed/30914979,"Agorastos A, Pervanidou P, Chrousos GP, Baker DG.",Front Psychiatry. 2019 Mar 11;10:118. doi: 10.3389/fpsyt.2019.00118. eCollection 2019. Review.,Front Psychiatry.  2019,PubMed,citation,PMID:30914979 | PMCID:PMC6421311,pubmed,30914979,create date:2019/03/28 | first author:Agorastos A
"A comprehensive, mechanistically detailed, and executable model of the cell division cycle in Saccharomyces cerevisiae.",/pubmed/30899000,"Münzner U, Klipp E, Krantz M.",Nat Commun. 2019 Mar 21;10(1):1308. doi: 10.1038/s41467-019-08903-w.,Nat Commun.  2019,PubMed,citation,PMID:30899000 | PMCID:PMC6428898,pubmed,30899000,create date:2019/03/23 | first author:Münzner U
Vasoactive intestinal peptide controls the suprachiasmatic circadian clock network via ERK1/2 and DUSP4 signalling.,/pubmed/30710088,"Hamnett R, Crosby P, Chesham JE, Hastings MH.",Nat Commun. 2019 Feb 1;10(1):542. doi: 10.1038/s41467-019-08427-3.,Nat Commun.  2019,PubMed,citation,PMID:30710088 | PMCID:PMC6358603,pubmed,30710088,create date:2019/02/03 | first author:Hamnett R
Preconception paternal alcohol exposure exerts sex-specific effects on offspring growth and long-term metabolic programming.,/pubmed/30670059,"Chang RC, Wang H, Bedi Y, Golding MC.",Epigenetics Chromatin. 2019 Jan 22;12(1):9. doi: 10.1186/s13072-019-0254-0.,Epigenetics Chromatin.  2019,PubMed,citation,PMID:30670059 | PMCID:PMC6341619,pubmed,30670059,create date:2019/01/24 | first author:Chang RC
One-Carbon Metabolism: Linking Nutritional Biochemistry to Epigenetic Programming of Long-Term Development.,/pubmed/30412672,"Clare CE, Brassington AH, Kwong WY, Sinclair KD.",Annu Rev Anim Biosci. 2019 Feb 15;7:263-287. doi: 10.1146/annurev-animal-020518-115206. Epub 2018 Nov 9.,Annu Rev Anim Biosci.  2019,PubMed,citation,PMID:30412672,pubmed,30412672,create date:2018/11/10 | first author:Clare CE
Maternal High-Fat Diet Programs Offspring Liver Steatosis in a Sexually Dimorphic Manner in Association with Changes in Gut Microbial Ecology in Mice.,/pubmed/30405201,"Wankhade UD, Zhong Y, Kang P, Alfaro M, Chintapalli SV, Piccolo BD, Mercer KE, Andres A, Thakali KM, Shankar K.",Sci Rep. 2018 Nov 7;8(1):16502. doi: 10.1038/s41598-018-34453-0.,Sci Rep.  2018,PubMed,citation,PMID:30405201 | PMCID:PMC6220325,pubmed,30405201,create date:2018/11/09 | first author:Wankhade UD
Paternal diet programs offspring health through sperm- and seminal plasma-specific pathways in mice.,/pubmed/30150380,"Watkins AJ, Dias I, Tsuro H, Allen D, Emes RD, Moreton J, Wilson R, Ingram RJM, Sinclair KD.",Proc Natl Acad Sci U S A. 2018 Oct 2;115(40):10064-10069. doi: 10.1073/pnas.1806333115. Epub 2018 Aug 27.,Proc Natl Acad Sci U S A.  2018,PubMed,citation,PMID:30150380 | PMCID:PMC6176621,pubmed,30150380,create date:2018/08/29 | first author:Watkins AJ
"Human fetoplacental arterial and venous endothelial cells are differentially programmed by gestational diabetes mellitus, resulting in cell-specific barrier function changes.",/pubmed/30091044,"Cvitic S, Novakovic B, Gordon L, Ulz CM, Mühlberger M, Diaz-Perez FI, Joo JE, Svendova V, Schimek MG, Trajanoski S, Saffery R, Desoye G, Hiden U.",Diabetologia. 2018 Nov;61(11):2398-2411. doi: 10.1007/s00125-018-4699-7. Epub 2018 Aug 8.,Diabetologia.  2018,PubMed,citation,PMID:30091044 | PMCID:PMC6182654,pubmed,30091044,create date:2018/08/10 | first author:Cvitic S
Cumulative lifetime maternal stress and epigenome-wide placental DNA methylation in the PRISM cohort.,/pubmed/30001177,"Brunst KJ, Tignor N, Just A, Liu Z, Lin X, Hacker MR, Bosquet Enlow M, Wright RO, Wang P, Baccarelli AA, Wright RJ.",Epigenetics. 2018;13(6):665-681. doi: 10.1080/15592294.2018.1497387. Epub 2018 Aug 15.,Epigenetics.  2018,PubMed,citation,PMID:30001177 | PMCID:PMC6291301,pubmed,30001177,create date:2018/07/13 | first author:Brunst KJ
"The Microbiological Memory, an Epigenetic Regulator Governing the Balance Between Good Health and Metabolic Disorders.",/pubmed/29997595,"Devaux CA, Raoult D.",Front Microbiol. 2018 Jun 26;9:1379. doi: 10.3389/fmicb.2018.01379. eCollection 2018.,Front Microbiol.  2018,PubMed,citation,PMID:29997595 | PMCID:PMC6028609,pubmed,29997595,create date:2018/07/13 | first author:Devaux CA
DNA methylation pattern of bovine blastocysts associated with hyperinsulinemia in vitro.,/pubmed/29745447,"Laskowski D, Humblot P, Sirard MA, Sjunnesson Y, Jhamat N, Båge R, Andersson G.",Mol Reprod Dev. 2018 Jul;85(7):599-611. doi: 10.1002/mrd.22995. Epub 2018 Jul 16.,Mol Reprod Dev.  2018,PubMed,citation,PMID:29745447,pubmed,29745447,create date:2018/05/11 | first author:Laskowski D
Combined bioinformatics analysis reveals gene expression and DNA methylation patterns in osteoarthritis.,/pubmed/29658578,"Song D, Qi W, Lv M, Yuan C, Tian K, Zhang F.",Mol Med Rep. 2018 Jun;17(6):8069-8078. doi: 10.3892/mmr.2018.8874. Epub 2018 Apr 12.,Mol Med Rep.  2018,PubMed,citation,PMID:29658578 | PMCID:PMC5983981,pubmed,29658578,create date:2018/04/17 | first author:Song D
Inflammatory interferon activates HIF-1α-mediated epithelial-to-mesenchymal transition via PI3K/AKT/mTOR pathway.,/pubmed/29587825,"Yeh YH, Hsiao HF, Yeh YC, Chen TW, Li TK.",J Exp Clin Cancer Res. 2018 Mar 27;37(1):70. doi: 10.1186/s13046-018-0730-6.,J Exp Clin Cancer Res.  2018,PubMed,citation,PMID:29587825 | PMCID:PMC5870508,pubmed,29587825,create date:2018/03/29 | first author:Yeh YH
Optimization of bioprocess productivity based on metabolic-genetic network models with bilevel dynamic programming.,/pubmed/29578608,"Jabarivelisdeh B, Waldherr S.",Biotechnol Bioeng. 2018 Jul;115(7):1829-1841. doi: 10.1002/bit.26599. Epub 2018 Apr 10.,Biotechnol Bioeng.  2018,PubMed,citation,PMID:29578608,pubmed,29578608,create date:2018/03/27 | first author:Jabarivelisdeh B
Efficient pathway enrichment and network analysis of GWAS summary data using GSA-SNP2.,/pubmed/29562348,"Yoon S, Nguyen HCT, Yoo YJ, Kim J, Baik B, Kim S, Kim J, Kim S, Nam D.",Nucleic Acids Res. 2018 Jun 1;46(10):e60. doi: 10.1093/nar/gky175.,Nucleic Acids Res.  2018,PubMed,citation,PMID:29562348 | PMCID:PMC6007455,pubmed,29562348,create date:2018/03/22 | first author:Yoon S
Lichen Biosynthetic Gene Clusters Part II: Homology Mapping Suggests a Functional Diversity.,/pubmed/29485282,"Bertrand RL, Abdel-Hameed M, Sorensen JL.",J Nat Prod. 2018 Apr 27;81(4):732-748. doi: 10.1021/acs.jnatprod.7b00770. Epub 2018 Feb 27.,J Nat Prod.  2018,PubMed,citation,PMID:29485282,pubmed,29485282,create date:2018/02/28 | first author:Bertrand RL
"Overexpression of microRNA408 enhances photosynthesis, growth, and seed yield in diverse plants.",/pubmed/29330900,"Pan J, Huang D, Guo Z, Kuang Z, Zhang H, Xie X, Ma Z, Gao S, Lerdau MT, Chu C, Li L.",J Integr Plant Biol. 2018 Apr;60(4):323-340. doi: 10.1111/jipb.12634. Epub 2018 Mar 14.,J Integr Plant Biol.  2018,PubMed,citation,PMID:29330900,pubmed,29330900,create date:2018/01/14 | first author:Pan J
Connections Between Metabolism and Epigenetics in Programming Cellular Differentiation.,/pubmed/29328786,"Chisolm DA, Weinmann AS.",Annu Rev Immunol. 2018 Apr 26;36:221-246. doi: 10.1146/annurev-immunol-042617-053127. Epub 2018 Jan 12. Review.,Annu Rev Immunol.  2018,PubMed,citation,PMID:29328786,pubmed,29328786,create date:2018/01/13 | first author:Chisolm DA
HISP: a hybrid intelligent approach for identifying directed signaling pathways.,/pubmed/29281081,"Zhao XM, Li S.",J Mol Cell Biol. 2017 Dec 1;9(6):453-462. doi: 10.1093/jmcb/mjx054.,J Mol Cell Biol.  2017,PubMed,citation,PMID:29281081,pubmed,29281081,create date:2017/12/28 | first author:Zhao XM
Computational Prediction of Synthetic Lethals in Genome-Scale Metabolic Models Using Fast-SL.,/pubmed/29222760,"Raman K, Pratapa A, Mohite O, Balachandran S.",Methods Mol Biol. 2018;1716:315-336. doi: 10.1007/978-1-4939-7528-0_14.,Methods Mol Biol.  2018,PubMed,citation,PMID:29222760,pubmed,29222760,create date:2017/12/10 | first author:Raman K
Cell fate decisions: emerging roles for metabolic signals and cell morphology.,/pubmed/29158350,"Tatapudy S, Aloisio F, Barber D, Nystul T.",EMBO Rep. 2017 Dec;18(12):2105-2118. doi: 10.15252/embr.201744816. Epub 2017 Nov 20. Review.,EMBO Rep.  2017,PubMed,citation,PMID:29158350 | PMCID:PMC5709733,pubmed,29158350,create date:2017/11/22 | first author:Tatapudy S
HMG-CoA synthase 2 drives brain metabolic reprogramming in cocaine exposure.,/pubmed/28987936,"Shao X, Tang Y, Long H, Gu H, Zhang J, Deng P, Zhao Y, Cen X.",Neuropharmacology. 2019 Apr;148:377-393. doi: 10.1016/j.neuropharm.2017.10.001. Epub 2017 Oct 4.,Neuropharmacology.  2019,PubMed,citation,PMID:28987936,pubmed,28987936,create date:2017/10/11 | first author:Shao X
Profiling methyl jasmonate-responsive transcriptome for understanding induced systemic resistance in whitebark pine (Pinus albicaulis).,/pubmed/28861810,"Liu JJ, Williams H, Li XR, Schoettle AW, Sniezko RA, Murray M, Zamany A, Roke G, Chen H.",Plant Mol Biol. 2017 Nov;95(4-5):359-374. doi: 10.1007/s11103-017-0655-z. Epub 2017 Aug 31.,Plant Mol Biol.  2017,PubMed,citation,PMID:28861810,pubmed,28861810,create date:2017/09/02 | first author:Liu JJ
Regulation of autoimmune myocarditis by host responses to the microbiome.,/pubmed/28822770,"Barin JG, Talor MV, Diny NL, Ong S, Schaub JA, Gebremariam E, Bedja D, Chen G, Choi HS, Hou X, Wu L, Cardamone AB, Peterson DA, Rose NR, Čiháková D.",Exp Mol Pathol. 2017 Oct;103(2):141-152. doi: 10.1016/j.yexmp.2017.08.003. Epub 2017 Aug 16.,Exp Mol Pathol.  2017,PubMed,citation,PMID:28822770 | PMCID:PMC5721523,pubmed,28822770,create date:2017/08/22 | first author:Barin JG
Maternal modifiers of the infant gut microbiota: metabolic consequences.,/pubmed/28751453,"Mulligan CM, Friedman JE.",J Endocrinol. 2017 Oct;235(1):R1-R12. doi: 10.1530/JOE-17-0303. Epub 2017 Jul 27. Review.,J Endocrinol.  2017,PubMed,citation,PMID:28751453 | PMCID:PMC5568816,pubmed,28751453,create date:2017/07/29 | first author:Mulligan CM
Corticotropin-Releasing Hormone As the Homeostatic Rheostat of Feto-Maternal Symbiosis and Developmental Programming In Utero and Neonatal Life.,/pubmed/28744256,"Alcántara-Alonso V, Panetta P, de Gortari P, Grammatopoulos DK.",Front Endocrinol (Lausanne). 2017 Jul 11;8:161. doi: 10.3389/fendo.2017.00161. eCollection 2017. Review.,Front Endocrinol (Lausanne).  2017,PubMed,citation,PMID:28744256 | PMCID:PMC5504167,pubmed,28744256,create date:2017/07/27 | first author:Alcántara-Alonso V
Prenatal Growth Patterns and Birthweight Are Associated With Differential DNA Methylation and Gene Expression of Cardiometabolic Risk Genes in Human Placentas: A Discovery-Based Approach.,/pubmed/28693373,"Chen PY, Chu A, Liao WW, Rubbi L, Janzen C, Hsu FM, Thamotharan S, Ganguly A, Lam L, Montoya D, Pellegrini M, Devaskar SU.",Reprod Sci. 2018 Apr;25(4):523-539. doi: 10.1177/1933719117716779. Epub 2017 Jul 11.,Reprod Sci.  2018,PubMed,citation,PMID:28693373 | PMCID:PMC6348426,pubmed,28693373,create date:2017/07/12 | first author:Chen PY
Modulation of Endoplasmic Reticulum Stress Controls CD4(+) T-cell Activation and Antitumor Function.,/pubmed/28642246,"Thaxton JE, Wallace C, Riesenberg B, Zhang Y, Paulos CM, Beeson CC, Liu B, Li Z.",Cancer Immunol Res. 2017 Aug;5(8):666-675. doi: 10.1158/2326-6066.CIR-17-0081. Epub 2017 Jun 22.,Cancer Immunol Res.  2017,PubMed,citation,PMID:28642246 | PMCID:PMC5585019,pubmed,28642246,create date:2017/06/24 | first author:Thaxton JE
Mammalian Synthetic Biology: Engineering Biological Systems.,/pubmed/28633563,"Black JB, Perez-Pinera P, Gersbach CA.",Annu Rev Biomed Eng. 2017 Jun 21;19:249-277. doi: 10.1146/annurev-bioeng-071516-044649. Review.,Annu Rev Biomed Eng.  2017,PubMed,citation,PMID:28633563,pubmed,28633563,create date:2017/06/22 | first author:Black JB
The Epigenetic Machinery in Vascular Dysfunction and Hypertension.,/pubmed/28540644,"Levy E, Spahis S, Bigras JL, Delvin E, Borys JM.",Curr Hypertens Rep. 2017 Jun;19(6):52. doi: 10.1007/s11906-017-0745-y. Review.,Curr Hypertens Rep.  2017,PubMed,citation,PMID:28540644,pubmed,28540644,create date:2017/05/26 | first author:Levy E
Simbiotics: A Multiscale Integrative Platform for 3D Modeling of Bacterial Populations.,/pubmed/28475309,"Naylor J, Fellermann H, Ding Y, Mohammed WK, Jakubovics NS, Mukherjee J, Biggs CA, Wright PC, Krasnogor N.",ACS Synth Biol. 2017 Jul 21;6(7):1194-1210. doi: 10.1021/acssynbio.6b00315. Epub 2017 May 22. Erratum in: ACS Synth Biol. 2018 Mar 16;7(3):952. ,ACS Synth Biol.  2017,PubMed,citation,PMID:28475309,pubmed,28475309,create date:2017/05/06 | first author:Naylor J
A photoconversion model for full spectral programming and multiplexing of optogenetic systems.,/pubmed/28438832,"Olson EJ, Tzouanas CN, Tabor JJ.",Mol Syst Biol. 2017 Apr 24;13(4):926. doi: 10.15252/msb.20167456.,Mol Syst Biol.  2017,PubMed,citation,PMID:28438832 | PMCID:PMC5408778,pubmed,28438832,create date:2017/04/26 | first author:Olson EJ
Prenatal stress-immune programming of sex differences in comorbidity of depression and obesity/metabolic syndrome.,/pubmed/28179814,"Goldstein JM, Holsen L, Huang G, Hammond BD, James-Todd T, Cherkerzian S, Hale TM, Handa RJ.",Dialogues Clin Neurosci. 2016 Dec;18(4):425-436. Review.,Dialogues Clin Neurosci.  2016,PubMed,citation,PMID:28179814 | PMCID:PMC5286728,pubmed,28179814,create date:2017/02/10 | first author:Goldstein JM
Insulin-like growth factor 1 receptor activation promotes mammary gland tumor development by increasing glycolysis and promoting biomass production.,/pubmed/28173837,"Ter Braak B, Siezen CL, Lee JS, Rao P, Voorhoeve C, Ruppin E, van der Laan JW, van de Water B.",Breast Cancer Res. 2017 Feb 7;19(1):14. doi: 10.1186/s13058-017-0802-0.,Breast Cancer Res.  2017,PubMed,citation,PMID:28173837 | PMCID:PMC5297135,pubmed,28173837,create date:2017/02/09 | first author:Ter Braak B
Patterns of DNA Methylation Across the Leptin Core Promoter in Four Diverse Asian and North American Populations.,/pubmed/28161997,"Mosher MJ, Melton PE, Stapleton P, Schanfield MS, Crawford MH.",Hum Biol. 2016 Apr;88(2):121-135.,Hum Biol.  2016,PubMed,citation,PMID:28161997,pubmed,28161997,create date:2017/02/07 | first author:Mosher MJ
Discovering missing reactions of metabolic networks by using gene co-expression data.,/pubmed/28150713,"Hosseini Z, Marashi SA.",Sci Rep. 2017 Feb 2;7:41774. doi: 10.1038/srep41774.,Sci Rep.  2017,PubMed,citation,PMID:28150713 | PMCID:PMC5288723,pubmed,28150713,create date:2017/02/06 | first author:Hosseini Z
"Meneco, a Topology-Based Gap-Filling Tool Applicable to Degraded Genome-Wide Metabolic Networks.",/pubmed/28129330,"Prigent S, Frioux C, Dittami SM, Thiele S, Larhlimi A, Collet G, Gutknecht F, Got J, Eveillard D, Bourdon J, Plewniak F, Tonon T, Siegel A.",PLoS Comput Biol. 2017 Jan 27;13(1):e1005276. doi: 10.1371/journal.pcbi.1005276. eCollection 2017 Jan.,PLoS Comput Biol.  2017,PubMed,citation,PMID:28129330 | PMCID:PMC5302834,pubmed,28129330,create date:2017/01/28 | first author:Prigent S
Exposure of bovine oocytes and embryos to elevated non-esterified fatty acid concentrations: integration of epigenetic and transcriptomic signatures in resultant blastocysts.,/pubmed/27931182,"Desmet KL, Van Hoeck V, Gagné D, Fournier E, Thakur A, O'Doherty AM, Walsh CP, Sirard MA, Bols PE, Leroy JL.",BMC Genomics. 2016 Dec 8;17(1):1004.,BMC Genomics.  2016,PubMed,citation,PMID:27931182 | PMCID:PMC5146907,pubmed,27931182,create date:2016/12/10 | first author:Desmet KL
Metabolic Syndrome in Children and Adolescents.,/pubmed/27921049,"Graf C, Ferrari N.",Visc Med. 2016 Oct;32(5):357-362. Epub 2016 Oct 7. Review.,Visc Med.  2016,PubMed,citation,PMID:27921049 | PMCID:PMC5123017,pubmed,27921049,create date:2016/12/07 | first author:Graf C
Developmental origins of NAFLD: a womb with a clue.,/pubmed/27780972,"Wesolowski SR, Kasmi KC, Jonscher KR, Friedman JE.",Nat Rev Gastroenterol Hepatol. 2017 Feb;14(2):81-96. doi: 10.1038/nrgastro.2016.160. Epub 2016 Oct 26. Review.,Nat Rev Gastroenterol Hepatol.  2017,PubMed,citation,PMID:27780972 | PMCID:PMC5725959,pubmed,27780972,create date:2016/11/04 | first author:Wesolowski SR
Plant Reactome: a resource for plant pathways and comparative analysis.,/pubmed/27799469,"Naithani S, Preece J, D'Eustachio P, Gupta P, Amarasinghe V, Dharmawardhana PD, Wu G, Fabregat A, Elser JL, Weiser J, Keays M, Fuentes AM, Petryszak R, Stein LD, Ware D, Jaiswal P.",Nucleic Acids Res. 2017 Jan 4;45(D1):D1029-D1039. doi: 10.1093/nar/gkw932. Epub 2016 Oct 30.,Nucleic Acids Res.  2017,PubMed,citation,PMID:27799469 | PMCID:PMC5210633,pubmed,27799469,create date:2016/11/02 | first author:Naithani S
Deciphering Transcriptional Programming during Pod and Seed Development Using RNA-Seq in Pigeonpea (Cajanus cajan).,/pubmed/27760186,"Pazhamala LT, Agarwal G, Bajaj P, Kumar V, Kulshreshtha A, Saxena RK, Varshney RK.",PLoS One. 2016 Oct 19;11(10):e0164959. doi: 10.1371/journal.pone.0164959. eCollection 2016.,PLoS One.  2016,PubMed,citation,PMID:27760186 | PMCID:PMC5070767,pubmed,27760186,create date:2016/10/21 | first author:Pazhamala LT
MicroRNA-203 mimics age-related aortic smooth muscle dysfunction of cytoskeletal pathways.,/pubmed/27502584,"Nicholson CJ, Seta F, Lee S, Morgan KG.",J Cell Mol Med. 2017 Jan;21(1):81-95. doi: 10.1111/jcmm.12940. Epub 2016 Aug 9.,J Cell Mol Med.  2017,PubMed,citation,PMID:27502584 | PMCID:PMC5192880,pubmed,27502584,create date:2016/08/10 | first author:Nicholson CJ
Modeling dietary influences on offspring metabolic programming in Drosophila melanogaster.,/pubmed/27450801,"Brookheart RT, Duncan JG.",Reproduction. 2016 Sep;152(3):R79-90. doi: 10.1530/REP-15-0595. Review.,Reproduction.  2016,PubMed,citation,PMID:27450801 | PMCID:PMC4964793,pubmed,27450801,create date:2016/07/28 | first author:Brookheart RT
Investigating the early metabolic fingerprint of celiac disease - a prospective approach.,/pubmed/27323936,"Kirchberg FF, Werkstetter KJ, Uhl O, Auricchio R, Castillejo G, Korponay-Szabo IR, Polanco I, Ribes-Koninckx C, Vriezinga SL, Koletzko B, Mearin ML, Hellmuth C.",J Autoimmun. 2016 Aug;72:95-101. doi: 10.1016/j.jaut.2016.05.006. Epub 2016 Jun 17.,J Autoimmun.  2016,PubMed,citation,PMID:27323936,pubmed,27323936,create date:2016/06/22 | first author:Kirchberg FF
Molecular pathways associated with the nutritional programming of plant-based diet acceptance in rainbow trout following an early feeding exposure.,/pubmed/27296167,"Balasubramanian MN, Panserat S, Dupont-Nivet M, Quillet E, Montfort J, Le Cam A, Medale F, Kaushik SJ, Geurden I.",BMC Genomics. 2016 Jun 13;17:449. doi: 10.1186/s12864-016-2804-1.,BMC Genomics.  2016,PubMed,citation,PMID:27296167 | PMCID:PMC4907080,pubmed,27296167,create date:2016/06/15 | first author:Balasubramanian MN
Concomitant Inhibition of PI3Kβ and BRAF or MEK in PTEN-Deficient/BRAF-Mutant Melanoma Treatment: Preclinical Assessment of SAR260301 Oral PI3Kβ-Selective Inhibitor.,/pubmed/27196754,"Bonnevaux H, Lemaitre O, Vincent L, Levit MN, Windenberger F, Halley F, Delorme C, Lengauer C, Garcia-Echeverria C, Virone-Oddos A.",Mol Cancer Ther. 2016 Jul;15(7):1460-71. doi: 10.1158/1535-7163.MCT-15-0496. Epub 2016 May 12.,Mol Cancer Ther.  2016,PubMed,citation,PMID:27196754,pubmed,27196754,create date:2016/05/20 | first author:Bonnevaux H
Rapid Prediction of Bacterial Heterotrophic Fluxomics Using Machine Learning and Constraint Programming.,/pubmed/27092947,"Wu SG, Wang Y, Jiang W, Oyetunde T, Yao R, Zhang X, Shimizu K, Tang YJ, Bao FS.",PLoS Comput Biol. 2016 Apr 19;12(4):e1004838. doi: 10.1371/journal.pcbi.1004838. eCollection 2016 Apr.,PLoS Comput Biol.  2016,PubMed,citation,PMID:27092947 | PMCID:PMC4836714,pubmed,27092947,create date:2016/04/20 | first author:Wu SG
Transgenerational programming of longevity and reproduction by post-eclosion dietary manipulation in Drosophila.,/pubmed/27025190,"Xia B, de Belle JS.",Aging (Albany NY). 2016 May;8(5):1115-34. doi: 10.18632/aging.100932.,Aging (Albany NY).  2016,PubMed,citation,PMID:27025190 | PMCID:PMC4931857,pubmed,27025190,create date:2016/03/31 | first author:Xia B
An integrative data analysis platform for gene set analysis and knowledge discovery in a data warehouse framework.,/pubmed/26989145,"Chen YA, Tripathi LP, Mizuguchi K.",Database (Oxford). 2016 Mar 17;2016. pii: baw009. doi: 10.1093/database/baw009. Print 2016.,Database (Oxford).  2016,PubMed,citation,PMID:26989145 | PMCID:PMC4795931,pubmed,26989145,create date:2016/03/19 | first author:Chen YA
The peroxisome proliferator-activated receptors under epigenetic control in placental metabolism and fetal development.,/pubmed/26860983,"Lendvai Á, Deutsch MJ, Plösch T, Ensenauer R.",Am J Physiol Endocrinol Metab. 2016 May 15;310(10):E797-810. doi: 10.1152/ajpendo.00372.2015. Epub 2016 Feb 9. Review.,Am J Physiol Endocrinol Metab.  2016,PubMed,citation,PMID:26860983,pubmed,26860983,create date:2016/02/11 | first author:Lendvai Á
Simultaneous detection of five one-carbon metabolites in plasma using stable isotope dilution liquid chromatography tandem mass spectrometry.,/pubmed/26851522,"Adaikalakoteswari A, Webster C, Goljan I, Saravanan P.",J Chromatogr B Analyt Technol Biomed Life Sci. 2016 Feb 15;1012-1013:186-92. doi: 10.1016/j.jchromb.2016.01.026. Epub 2016 Jan 23.,J Chromatogr B Analyt Technol Biomed Life Sci.  2016,PubMed,citation,PMID:26851522,pubmed,26851522,create date:2016/02/07 | first author:Adaikalakoteswari A
Evidence-Based Theory for Integrated Genome Regulation of Ontogeny--An Unprecedented Role of Nuclear FGFR1 Signaling.,/pubmed/26729628,"Stachowiak MK, Stachowiak EK.",J Cell Physiol. 2016 Jun;231(6):1199-218. doi: 10.1002/jcp.25298. Epub 2016 Feb 2. Review.,J Cell Physiol.  2016,PubMed,citation,PMID:26729628 | PMCID:PMC5067692,pubmed,26729628,create date:2016/01/06 | first author:Stachowiak MK
Consequences of Early Life Programing by Genetic and Environmental Influences: A Synthesis Regarding Pubertal Timing.,/pubmed/26680576,"Roth CL, DiVall S.",Endocr Dev. 2016;29:134-52. doi: 10.1159/000438883. Epub 2015 Dec 17. Review.,Endocr Dev.  2016,PubMed,citation,PMID:26680576,pubmed,26680576,create date:2015/12/19 | first author:Roth CL
Sirtuins-mediators of maternal obesity-induced complications in offspring?,/pubmed/26667041,"Nguyen LT, Chen H, Pollock CA, Saad S.",FASEB J. 2016 Apr;30(4):1383-90. doi: 10.1096/fj.15-280743. Epub 2015 Dec 14. Review.,FASEB J.  2016,PubMed,citation,PMID:26667041,pubmed,26667041,create date:2015/12/17 | first author:Nguyen LT
High-Fat Diet During Mouse Pregnancy and Lactation Targets GIP-Regulated Metabolic Pathways in Adult Male Offspring.,/pubmed/26631738,"Kruse M, Keyhani-Nejad F, Isken F, Nitz B, Kretschmer A, Reischl E, de las Heras Gala T, Osterhoff MA, Grallert H, Pfeiffer AF.",Diabetes. 2016 Mar;65(3):574-84. doi: 10.2337/db15-0478. Epub 2015 Dec 2.,Diabetes.  2016,PubMed,citation,PMID:26631738,pubmed,26631738,create date:2015/12/04 | first author:Kruse M
Adult male mice conceived by in vitro fertilization exhibit increased glucocorticoid receptor expression in fat tissue.,/pubmed/26511158,"Simbulan RK, Liu X, Feuer SK, Maltepe E, Donjacour A, Rinaudo P.",J Dev Orig Health Dis. 2016 Feb;7(1):73-82. doi: 10.1017/S2040174415007825. Epub 2015 Oct 29.,J Dev Orig Health Dis.  2016,PubMed,citation,PMID:26511158,pubmed,26511158,create date:2015/10/30 | first author:Simbulan RK
Mono-2-ethylhexyl phthalate (MEHP) alters histiotrophic nutrition pathways and epigenetic processes in the developing conceptus.,/pubmed/26507544,"Sant KE, Dolinoy DC, Jilek JL, Shay BJ, Harris C.",J Nutr Biochem. 2016 Jan;27:211-8. doi: 10.1016/j.jnutbio.2015.09.008. Epub 2015 Sep 21.,J Nutr Biochem.  2016,PubMed,citation,PMID:26507544 | PMCID:PMC4750404,pubmed,26507544,create date:2015/10/29 | first author:Sant KE
"BiGG Models: A platform for integrating, standardizing and sharing genome-scale models.",/pubmed/26476456,"King ZA, Lu J, Dräger A, Miller P, Federowicz S, Lerman JA, Ebrahim A, Palsson BO, Lewis NE.",Nucleic Acids Res. 2016 Jan 4;44(D1):D515-22. doi: 10.1093/nar/gkv1049. Epub 2015 Oct 17.,Nucleic Acids Res.  2016,PubMed,citation,PMID:26476456 | PMCID:PMC4702785,pubmed,26476456,create date:2015/10/18 | first author:King ZA
Nutritional epigenetics with a focus on amino acids: implications for the development and treatment of metabolic syndrome.,/pubmed/26427799,"Ji Y, Wu Z, Dai Z, Sun K, Wang J, Wu G.",J Nutr Biochem. 2016 Jan;27:1-8. doi: 10.1016/j.jnutbio.2015.08.003. Epub 2015 Aug 10. Review.,J Nutr Biochem.  2016,PubMed,citation,PMID:26427799,pubmed,26427799,create date:2015/10/03 | first author:Ji Y
Rev-erbα and the circadian transcriptional regulation of metabolism.,/pubmed/26332963,"Gerhart-Hines Z, Lazar MA.",Diabetes Obes Metab. 2015 Sep;17 Suppl 1:12-6. doi: 10.1111/dom.12510. Review.,Diabetes Obes Metab.  2015,PubMed,citation,PMID:26332963 | PMCID:PMC4562061,pubmed,26332963,create date:2015/09/04 | first author:Gerhart-Hines Z
MOEPGA: A novel method to detect protein complexes in yeast protein-protein interaction networks based on MultiObjective Evolutionary Programming Genetic Algorithm.,/pubmed/26298638,"Cao B, Luo J, Liang C, Wang S, Song D.",Comput Biol Chem. 2015 Oct;58:173-81. doi: 10.1016/j.compbiolchem.2015.06.006. Epub 2015 Jul 7.,Comput Biol Chem.  2015,PubMed,citation,PMID:26298638,pubmed,26298638,create date:2015/08/25 | first author:Cao B
Transcriptional regulation of T cell metabolism.,/pubmed/26298576,"Hough KP, Chisolm DA, Weinmann AS.",Mol Immunol. 2015 Dec;68(2 Pt C):520-6. doi: 10.1016/j.molimm.2015.07.038. Epub 2015 Aug 19. Review.,Mol Immunol.  2015,PubMed,citation,PMID:26298576 | PMCID:PMC4679508,pubmed,26298576,create date:2015/08/25 | first author:Hough KP
"Early-life adversity programs emotional functions and the neuroendocrine stress system: the contribution of nutrition, metabolic hormones and epigenetic mechanisms.",/pubmed/26260665,"Yam KY, Naninck EF, Schmidt MV, Lucassen PJ, Korosi A.",Stress. 2015;18(3):328-42. Epub 2015 Aug 11. Review.,Stress.  2015,PubMed,citation,PMID:26260665,pubmed,26260665,create date:2015/08/12 | first author:Yam KY
DNA methylation mediates the impact of exposure to prenatal maternal stress on BMI and central adiposity in children at age 13½ years: Project Ice Storm.,/pubmed/26098974,"Cao-Lei L, Dancause KN, Elgbeili G, Massart R, Szyf M, Liu A, Laplante DP, King S.",Epigenetics. 2015;10(8):749-61. doi: 10.1080/15592294.2015.1063771.,Epigenetics.  2015,PubMed,citation,PMID:26098974 | PMCID:PMC4623010,pubmed,26098974,create date:2015/06/23 | first author:Cao-Lei L
Fast-SL: an efficient algorithm to identify synthetic lethal sets in metabolic networks.,/pubmed/26085504,"Pratapa A, Balachandran S, Raman K.",Bioinformatics. 2015 Oct 15;31(20):3299-305. doi: 10.1093/bioinformatics/btv352. Epub 2015 Jun 17.,Bioinformatics.  2015,PubMed,citation,PMID:26085504,pubmed,26085504,create date:2015/06/19 | first author:Pratapa A
Detection of composite communities in multiplex biological networks.,/pubmed/26012716,"Bennett L, Kittas A, Muirhead G, Papageorgiou LG, Tsoka S.",Sci Rep. 2015 May 27;5:10345. doi: 10.1038/srep10345.,Sci Rep.  2015,PubMed,citation,PMID:26012716 | PMCID:PMC4446847,pubmed,26012716,create date:2015/05/28 | first author:Bennett L
"A computational approach to persistence, permanence, and endotacticity of biochemical reaction systems.",/pubmed/25986743,"Johnston MD, Pantea C, Donnell P.",J Math Biol. 2016 Jan;72(1-2):467-98. doi: 10.1007/s00285-015-0892-1. Epub 2015 May 19.,J Math Biol.  2016,PubMed,citation,PMID:25986743,pubmed,25986743,create date:2015/05/20 | first author:Johnston MD
Mendelian randomization supports causality between maternal hyperglycemia and epigenetic regulation of leptin gene in newborns.,/pubmed/25800063,"Allard C, Desgagné V, Patenaude J, Lacroix M, Guillemette L, Battista MC, Doyon M, Ménard J, Ardilouze JL, Perron P, Bouchard L, Hivert MF.",Epigenetics. 2015;10(4):342-51. doi: 10.1080/15592294.2015.1029700.,Epigenetics.  2015,PubMed,citation,PMID:25800063 | PMCID:PMC4622547,pubmed,25800063,create date:2015/03/25 | first author:Allard C
Logical transformation of genome-scale metabolic models for gene level applications and analysis.,/pubmed/25735769,"Zhang C, Ji B, Mardinoglu A, Nielsen J, Hua Q.",Bioinformatics. 2015 Jul 15;31(14):2324-31. doi: 10.1093/bioinformatics/btv134. Epub 2015 Mar 2.,Bioinformatics.  2015,PubMed,citation,PMID:25735769,pubmed,25735769,create date:2015/03/05 | first author:Zhang C
One-carbon metabolism and epigenetic regulation of embryo development.,/pubmed/25710200,"Xu J, Sinclair KD.",Reprod Fertil Dev. 2015 May;27(4):667-76. doi: 10.1071/RD14377. Review.,Reprod Fertil Dev.  2015,PubMed,citation,PMID:25710200,pubmed,25710200,create date:2015/02/25 | first author:Xu J
MOST: a software environment for constraint-based metabolic modeling and strain design.,/pubmed/25677126,"Kelley JJ, Lane A, Li X, Mutthoju B, Maor S, Egen D, Lun DS.",Bioinformatics. 2015 Feb 15;31(4):610-1. doi: 10.1093/bioinformatics/btu685. Epub 2014 Oct 17.,Bioinformatics.  2015,PubMed,citation,PMID:25677126,pubmed,25677126,create date:2015/02/14 | first author:Kelley JJ
Generic flux coupling analysis.,/pubmed/25619608,"Reimers AC, Goldstein Y, Bockmayr A.",Math Biosci. 2015 Apr;262:28-35. doi: 10.1016/j.mbs.2015.01.003. Epub 2015 Jan 22.,Math Biosci.  2015,PubMed,citation,PMID:25619608,pubmed,25619608,create date:2015/01/27 | first author:Reimers AC
An integrated network visualization framework towards metabolic engineering applications.,/pubmed/25547011,"Noronha A, Vilaça P, Rocha M.",BMC Bioinformatics. 2014 Dec 30;15:420. doi: 10.1186/s12859-014-0420-0.,BMC Bioinformatics.  2014,PubMed,citation,PMID:25547011 | PMCID:PMC4300605,pubmed,25547011,create date:2014/12/31 | first author:Noronha A
Metabolic and co-expression network-based analyses associated with nitrate response in rice.,/pubmed/25471115,"Coneva V, Simopoulos C, Casaretto JA, El-Kereamy A, Guevara DR, Cohn J, Zhu T, Guo L, Alexander DC, Bi YM, McNicholas PD, Rothstein SJ.",BMC Genomics. 2014 Dec 3;15:1056. doi: 10.1186/1471-2164-15-1056.,BMC Genomics.  2014,PubMed,citation,PMID:25471115 | PMCID:PMC4301927,pubmed,25471115,create date:2014/12/05 | first author:Coneva V
Epigenetic Features Induced by Ischemia-Hypoxia in Cultured Rat Astrocytes.,/pubmed/25465244,"Yang Q, Wu X, Sun J, Cui J, Li L.",Mol Neurobiol. 2016 Jan;53(1):436-445. doi: 10.1007/s12035-014-9027-8. Epub 2014 Dec 3.,Mol Neurobiol.  2016,PubMed,citation,PMID:25465244,pubmed,25465244,create date:2014/12/04 | first author:Yang Q
Developmental programming of brain and behavior by perinatal diet: focus on inflammatory mechanisms.,/pubmed/25364282,"Bolton JL, Bilbo SD.",Dialogues Clin Neurosci. 2014 Sep;16(3):307-20. Review.,Dialogues Clin Neurosci.  2014,PubMed,citation,PMID:25364282 | PMCID:PMC4214174,pubmed,25364282,create date:2014/11/05 | first author:Bolton JL
Proposing interactions between maternal phospholipids and the one carbon cycle: A novel mechanism influencing the risk for cardiovascular diseases in the offspring in later life.,/pubmed/25283080,"Khot V, Chavan-Gautam P, Joshi S.",Life Sci. 2015 May 15;129:16-21. doi: 10.1016/j.lfs.2014.09.026. Epub 2014 Oct 2. Review.,Life Sci.  2015,PubMed,citation,PMID:25283080,pubmed,25283080,create date:2014/10/07 | first author:Khot V
Epigenetic programming of monocyte-to-macrophage differentiation and trained innate immunity.,/pubmed/25258085,"Saeed S, Quintin J, Kerstens HH, Rao NA, Aghajanirefah A, Matarese F, Cheng SC, Ratter J, Berentsen K, van der Ent MA, Sharifi N, Janssen-Megens EM, Ter Huurne M, Mandoli A, van Schaik T, Ng A, Burden F, Downes K, Frontini M, Kumar V, Giamarellos-Bourboulis EJ, Ouwehand WH, et al.",Science. 2014 Sep 26;345(6204):1251086. doi: 10.1126/science.1251086.,Science.  2014,PubMed,citation,PMID:25258085 | PMCID:PMC4242194,pubmed,25258085,create date:2014/09/27 | first author:Saeed S
Linear programming model to construct phylogenetic network for 16S rRNA sequences of photosynthetic organisms and influenza viruses.,/pubmed/25172448,"Mathur R, Adlakha N.",Interdiscip Sci. 2014 Jun;6(2):100-7. doi: 10.1007/s12539-012-0043-y. Epub 2014 Jun 17.,Interdiscip Sci.  2014,PubMed,citation,PMID:25172448,pubmed,25172448,create date:2014/08/31 | first author:Mathur R
A system based network approach to ethanol tolerance in Saccharomyces cerevisiae.,/pubmed/25103914,"Kasavi C, Eraslan S, Arga KY, Oner ET, Kirdar B.",BMC Syst Biol. 2014 Aug 8;8:90. doi: 10.1186/s12918-014-0090-6.,BMC Syst Biol.  2014,PubMed,citation,PMID:25103914 | PMCID:PMC4236716,pubmed,25103914,create date:2014/08/12 | first author:Kasavi C
Synthetic microbial consortia: from systematic analysis to construction and applications.,/pubmed/25017039,"Song H, Ding MZ, Jia XQ, Ma Q, Yuan YJ.",Chem Soc Rev. 2014;43(20):6954-81. doi: 10.1039/c4cs00114a. Epub 2014 Jul 14. Review.,Chem Soc Rev.  2014,PubMed,citation,PMID:25017039,pubmed,25017039,create date:2014/07/16 | first author:Song H
[Developmental programming of metabolic diseases--a review of studies on experimental animal models].,/pubmed/24988610,"Piotrowska I, Zgódka P, Milewska M, Błaszczyk M, Grzelkowska-Kowalczyk K.",Postepy Hig Med Dosw (Online). 2014;68:899-911. Review. Polish. ,Postepy Hig Med Dosw (Online).  2014,PubMed,citation,PMID:24988610,pubmed,24988610,create date:2014/07/06 | first author:Piotrowska I
CSML2SBML: a novel tool for converting quantitative biological pathway models from CSML into SBML.,/pubmed/24881961,"Li C, Nagasaki M, Ikeda E, Sekiya Y, Miyano S.",Biosystems. 2014 Jul;121:22-8. doi: 10.1016/j.biosystems.2014.05.004. Epub 2014 Jun 2.,Biosystems.  2014,PubMed,citation,PMID:24881961,pubmed,24881961,create date:2014/06/03 | first author:Li C
"Epigenetic mechanisms affecting regulation of energy balance: many questions, few answers.",/pubmed/24850387,Waterland RA.,Annu Rev Nutr. 2014;34:337-55. doi: 10.1146/annurev-nutr-071813-105315. Epub 2014 May 16. Review.,Annu Rev Nutr.  2014,PubMed,citation,PMID:24850387,pubmed,24850387,create date:2014/05/23 | first author:Waterland RA
Epigenome-wide association study reveals longitudinally stable DNA methylation differences in CD4+ T cells from children with IgE-mediated food allergy.,/pubmed/24762976,"Martino D, Joo JE, Sexton-Oates A, Dang T, Allen K, Saffery R, Prescott S.",Epigenetics. 2014 Jul;9(7):998-1006. doi: 10.4161/epi.28945. Epub 2014 Apr 24. Erratum in: Epigenetics. 2015;10(10):994. ,Epigenetics.  2014,PubMed,citation,PMID:24762976 | PMCID:PMC4143415,pubmed,24762976,create date:2014/04/26 | first author:Martino D
The transcription factor AREB1 regulates primary metabolic pathways in tomato fruits.,/pubmed/24659489,"Bastías A, Yañez M, Osorio S, Arbona V, Gómez-Cadenas A, Fernie AR, Casaretto JA.",J Exp Bot. 2014 Jun;65(9):2351-63. doi: 10.1093/jxb/eru114. Epub 2014 Mar 22.,J Exp Bot.  2014,PubMed,citation,PMID:24659489 | PMCID:PMC4036503,pubmed,24659489,create date:2014/03/25 | first author:Bastías A
How growth due to infant nutrition influences obesity and later disease risk.,/pubmed/24521522,"Brands B, Demmelmair H, Koletzko B; EarlyNutrition Project..",Acta Paediatr. 2014 Jun;103(6):578-85. doi: 10.1111/apa.12593. Epub 2014 Mar 13. Review.,Acta Paediatr.  2014,PubMed,citation,PMID:24521522,pubmed,24521522,create date:2014/02/14 | first author:Brands B
"Maternal diet, bioactive molecules, and exercising as reprogramming tools of metabolic programming.",/pubmed/24468940,"Mathias PC, Elmhiri G, de Oliveira JC, Delayre-Orthez C, Barella LF, Tófolo LP, Fabricio GS, Chango A, Abdennebi-Najar L.",Eur J Nutr. 2014 Apr;53(3):711-22. doi: 10.1007/s00394-014-0654-7. Epub 2014 Jan 28. Review.,Eur J Nutr.  2014,PubMed,citation,PMID:24468940,pubmed,24468940,create date:2014/01/29 | first author:Mathias PC
Epigenetic reprogramming in Mist1(-/-) mice predicts the molecular response to cerulein-induced pancreatitis.,/pubmed/24465395,"Mehmood R, Varga G, Mohanty SQ, Laing SW, Lu Y, Johnson CL, Kharitonenkov A, Pin CL.",PLoS One. 2014 Jan 21;9(1):e84182. doi: 10.1371/journal.pone.0084182. eCollection 2014.,PLoS One.  2014,PubMed,citation,PMID:24465395 | PMCID:PMC3897368,pubmed,24465395,create date:2014/01/28 | first author:Mehmood R
Seedling ontogeny and environmental plasticity in two co-occurring shade-tolerant conifers and implications for environment-population interactions.,/pubmed/24368754,"Day ME, Zazzaro S, Perkins LB.",Am J Bot. 2014 Jan;101(1):45-55. doi: 10.3732/ajb.1300253. Epub 2013 Dec 24.,Am J Bot.  2014,PubMed,citation,PMID:24368754,pubmed,24368754,create date:2013/12/26 | first author:Day ME
Programming effects of FTO in the development of obesity.,/pubmed/24219661,"Sebert S, Salonurmi T, Keinänen-Kiukaanniemi S, Savolainen M, Herzig KH, Symonds ME, Järvelin MR.",Acta Physiol (Oxf). 2014 Jan;210(1):58-69. doi: 10.1111/apha.12196. Epub 2013 Nov 27. Review.,Acta Physiol (Oxf).  2014,PubMed,citation,PMID:24219661,pubmed,24219661,create date:2013/11/14 | first author:Sebert S
Comparison and improvement of algorithms for computing minimal cut sets.,/pubmed/24191903,"Jungreuthmayer C, Nair G, Klamt S, Zanghellini J.",BMC Bioinformatics. 2013 Nov 6;14:318. doi: 10.1186/1471-2105-14-318.,BMC Bioinformatics.  2013,PubMed,citation,PMID:24191903 | PMCID:PMC3882775,pubmed,24191903,create date:2013/11/07 | first author:Jungreuthmayer C
Lessons from the one-carbon metabolism: passing it along to the next generation.,/pubmed/24139597,"Padmanabhan N, Watson ED.",Reprod Biomed Online. 2013 Dec;27(6):637-43. doi: 10.1016/j.rbmo.2013.09.008. Epub 2013 Sep 30. Review.,Reprod Biomed Online.  2013,PubMed,citation,PMID:24139597,pubmed,24139597,create date:2013/10/22 | first author:Padmanabhan N
"Nutrition in early life, immune-programming and allergies: the role of epigenetics.",/pubmed/24053699,"Amarasekera M, Prescott SL, Palmer DJ.",Asian Pac J Allergy Immunol. 2013 Sep;31(3):175-82.,Asian Pac J Allergy Immunol.  2013,PubMed,citation,PMID:24053699,pubmed,24053699,create date:2013/09/24 | first author:Amarasekera M
Gestational diabetes mellitus epigenetically affects genes predominantly involved in metabolic diseases.,/pubmed/23975224,"Ruchat SM, Houde AA, Voisin G, St-Pierre J, Perron P, Baillargeon JP, Gaudet D, Hivert MF, Brisson D, Bouchard L.",Epigenetics. 2013 Sep;8(9):935-43. doi: 10.4161/epi.25578. Epub 2013 Jul 18.,Epigenetics.  2013,PubMed,citation,PMID:23975224 | PMCID:PMC3883770,pubmed,23975224,create date:2013/08/27 | first author:Ruchat SM
"metabolicMine: an integrated genomics, genetics and proteomics data warehouse for common metabolic disease research.",/pubmed/23935057,"Lyne M, Smith RN, Lyne R, Aleksic J, Hu F, Kalderimis A, Stepan R, Micklem G.",Database (Oxford). 2013 Aug 9;2013:bat060. doi: 10.1093/database/bat060. Print 2013.,Database (Oxford).  2013,PubMed,citation,PMID:23935057 | PMCID:PMC4438919,pubmed,23935057,create date:2013/08/13 | first author:Lyne M
Animal models of in utero exposure to a high fat diet: a review.,/pubmed/23872578,"Williams L, Seki Y, Vuguin PM, Charron MJ.",Biochim Biophys Acta. 2014 Mar;1842(3):507-519. doi: 10.1016/j.bbadis.2013.07.006. Epub 2013 Jul 18. Review.,Biochim Biophys Acta.  2014,PubMed,citation,PMID:23872578 | PMCID:PMC3895417,pubmed,23872578,create date:2013/07/23 | first author:Williams L
Excess of methyl donor in the perinatal period reduces postnatal leptin secretion in rat and interacts with the effect of protein content in diet.,/pubmed/23840890,"Giudicelli F, Brabant AL, Grit I, Parnet P, Amarger V.",PLoS One. 2013 Jul 1;8(7):e68268. doi: 10.1371/journal.pone.0068268. Print 2013.,PLoS One.  2013,PubMed,citation,PMID:23840890 | PMCID:PMC3698130,pubmed,23840890,create date:2013/07/11 | first author:Giudicelli F
High folate gestational and post-weaning diets alter hypothalamic feeding pathways by DNA methylation in Wistar rat offspring.,/pubmed/23803567,"Cho CE, Sánchez-Hernández D, Reza-López SA, Huot PS, Kim YI, Anderson GH.",Epigenetics. 2013 Jul;8(7):710-9. doi: 10.4161/epi.24948. Epub 2013 May 14.,Epigenetics.  2013,PubMed,citation,PMID:23803567 | PMCID:PMC3781190,pubmed,23803567,create date:2013/06/28 | first author:Cho CE
Maternal obesity and diabetes induces latent metabolic defects and widespread epigenetic changes in isogenic mice.,/pubmed/23764993,"Li CC, Young PE, Maloney CA, Eaton SA, Cowley MJ, Buckland ME, Preiss T, Henstridge DC, Cooney GJ, Febbraio MA, Martin DI, Cropley JE, Suter CM.",Epigenetics. 2013 Jun;8(6):602-11. doi: 10.4161/epi.24656. Epub 2013 Apr 26.,Epigenetics.  2013,PubMed,citation,PMID:23764993 | PMCID:PMC3857340,pubmed,23764993,create date:2013/06/15 | first author:Li CC
Early life programming of obesity.,/pubmed/23749690,"Martin-Gronert MS, Ozanne SE.",Med Wieku Rozwoj. 2013 Jan-Mar;17(1):7-12. Review.,Med Wieku Rozwoj.  2013,PubMed,citation,PMID:23749690,pubmed,23749690,create date:2013/06/12 | first author:Martin-Gronert MS
"Early origins of adult disease: approaches for investigating the programmable epigenome in humans, nonhuman primates, and rodents.",/pubmed/23744969,"Ganu RS, Harris RA, Collins K, Aagaard KM.",ILAR J. 2012;53(3-4):306-21. doi: 10.1093/ilar.53.3-4.306.,ILAR J.  2012,PubMed,citation,PMID:23744969 | PMCID:PMC3747760,pubmed,23744969,create date:2013/06/08 | first author:Ganu RS
Improving the measurement of semantic similarity between gene ontology terms and gene products: insights from an edge- and IC-based hybrid method.,/pubmed/23741529,"Wu X, Pang E, Lin K, Pei ZM.",PLoS One. 2013 May 31;8(5):e66745. doi: 10.1371/journal.pone.0066745. Print 2013.,PLoS One.  2013,PubMed,citation,PMID:23741529 | PMCID:PMC3669204,pubmed,23741529,create date:2013/06/07 | first author:Wu X
Differential effects of maternal obesity and weight loss in the periconceptional period on the epigenetic regulation of hepatic insulin-signaling pathways in the offspring.,/pubmed/23729590,"Nicholas LM, Rattanatray L, MacLaughlin SM, Ozanne SE, Kleemann DO, Walker SK, Morrison JL, Zhang S, Muhlhäusler BS, Martin-Gronert MS, McMillen IC.",FASEB J. 2013 Sep;27(9):3786-96. doi: 10.1096/fj.13-227918. Epub 2013 May 31.,FASEB J.  2013,PubMed,citation,PMID:23729590,pubmed,23729590,create date:2013/06/05 | first author:Nicholas LM
Common phenotypes and the developmental origins of disease.,/pubmed/23676684,"McMullen S, Swali A.",Curr Opin Clin Nutr Metab Care. 2013 Jul;16(4):398-404. doi: 10.1097/MCO.0b013e328361f879. Review.,Curr Opin Clin Nutr Metab Care.  2013,PubMed,citation,PMID:23676684,pubmed,23676684,create date:2013/05/17 | first author:McMullen S
Placental contribution to the origins of sexual dimorphism in health and diseases: sex chromosomes and epigenetics.,/pubmed/23514128,"Gabory A, Roseboom TJ, Moore T, Moore LG, Junien C.",Biol Sex Differ. 2013 Mar 21;4(1):5. doi: 10.1186/2042-6410-4-5.,Biol Sex Differ.  2013,PubMed,citation,PMID:23514128 | PMCID:PMC3618244,pubmed,23514128,create date:2013/03/22 | first author:Gabory A
Precise generation of systems biology models from KEGG pathways.,/pubmed/23433509,"Wrzodek C, Büchel F, Ruff M, Dräger A, Zell A.",BMC Syst Biol. 2013 Feb 21;7:15. doi: 10.1186/1752-0509-7-15.,BMC Syst Biol.  2013,PubMed,citation,PMID:23433509 | PMCID:PMC3623889,pubmed,23433509,create date:2013/02/26 | first author:Wrzodek C
Adaptive bi-level programming for optimal gene knockouts for targeted overproduction under phenotypic constraints.,/pubmed/23368729,"Ren S, Zeng B, Qian X.",BMC Bioinformatics. 2013;14 Suppl 2:S17. doi: 10.1186/1471-2105-14-S2-S17. Epub 2013 Jan 21.,BMC Bioinformatics.  2013,PubMed,citation,PMID:23368729 | PMCID:PMC3549844,pubmed,23368729,create date:2013/02/13 | first author:Ren S
Industrial systems biology of Saccharomyces cerevisiae enables novel succinic acid cell factory.,/pubmed/23349810,"Otero JM, Cimini D, Patil KR, Poulsen SG, Olsson L, Nielsen J.",PLoS One. 2013;8(1):e54144. doi: 10.1371/journal.pone.0054144. Epub 2013 Jan 21.,PLoS One.  2013,PubMed,citation,PMID:23349810 | PMCID:PMC3549990,pubmed,23349810,create date:2013/01/26 | first author:Otero JM
Metabolic programming of MEST DNA methylation by intrauterine exposure to gestational diabetes mellitus.,/pubmed/23209187,"El Hajj N, Pliushch G, Schneider E, Dittrich M, Müller T, Korenkov M, Aretz M, Zechner U, Lehnen H, Haaf T.",Diabetes. 2013 Apr;62(4):1320-8. doi: 10.2337/db12-0289. Epub 2012 Dec 3.,Diabetes.  2013,PubMed,citation,PMID:23209187 | PMCID:PMC3609586,pubmed,23209187,create date:2012/12/05 | first author:El Hajj N
Data mining in the MetaCyc family of pathway databases.,/pubmed/23192547,"Karp PD, Paley S, Altman T.",Methods Mol Biol. 2013;939:183-200. doi: 10.1007/978-1-62703-107-3_12.,Methods Mol Biol.  2013,PubMed,citation,PMID:23192547 | PMCID:PMC3694719,pubmed,23192547,create date:2012/11/30 | first author:Karp PD
Leptin as mediator of the effects of developmental programming.,/pubmed/22980049,"Vickers MH, Sloboda DM.",Best Pract Res Clin Endocrinol Metab. 2012 Oct;26(5):677-87. doi: 10.1016/j.beem.2012.03.005. Epub 2012 May 22.,Best Pract Res Clin Endocrinol Metab.  2012,PubMed,citation,PMID:22980049,pubmed,22980049,create date:2012/09/18 | first author:Vickers MH
Early determinants of cardiovascular disease.,/pubmed/22980042,"Santos MS, Joles JA.",Best Pract Res Clin Endocrinol Metab. 2012 Oct;26(5):581-97. doi: 10.1016/j.beem.2012.03.003. Epub 2012 May 22. Review.,Best Pract Res Clin Endocrinol Metab.  2012,PubMed,citation,PMID:22980042,pubmed,22980042,create date:2012/09/18 | first author:Santos MS
Designing optimal cell factories: integer programming couples elementary mode analysis with regulation.,/pubmed/22898474,"Jungreuthmayer C, Zanghellini J.",BMC Syst Biol. 2012 Aug 16;6:103. doi: 10.1186/1752-0509-6-103.,BMC Syst Biol.  2012,PubMed,citation,PMID:22898474 | PMCID:PMC3560272,pubmed,22898474,create date:2012/08/18 | first author:Jungreuthmayer C
"Mitochondrial fission induces glycolytic reprogramming in cancer-associated myofibroblasts, driving stromal lactate production, and early tumor growth.",/pubmed/22878233,"Guido C, Whitaker-Menezes D, Lin Z, Pestell RG, Howell A, Zimmers TA, Casimiro MC, Aquila S, Ando' S, Martinez-Outschoorn UE, Sotgia F, Lisanti MP.",Oncotarget. 2012 Aug;3(8):798-810.,Oncotarget.  2012,PubMed,citation,PMID:22878233 | PMCID:PMC3478457,pubmed,22878233,create date:2012/08/11 | first author:Guido C
MicrobesFlux: a web platform for drafting metabolic models from the KEGG database.,/pubmed/22857267,"Feng X, Xu Y, Chen Y, Tang YJ.",BMC Syst Biol. 2012 Aug 2;6:94.,BMC Syst Biol.  2012,PubMed,citation,PMID:22857267 | PMCID:PMC3447728,pubmed,22857267,create date:2012/08/04 | first author:Feng X
"Clocks, metabolism, and the epigenome.",/pubmed/22841001,"Feng D, Lazar MA.",Mol Cell. 2012 Jul 27;47(2):158-67. doi: 10.1016/j.molcel.2012.06.026. Review.,Mol Cell.  2012,PubMed,citation,PMID:22841001 | PMCID:PMC3408602,pubmed,22841001,create date:2012/07/31 | first author:Feng D
Effect of intrauterine growth retardation on liver and long-term metabolic risk.,/pubmed/22531091,"Cianfarani S, Agostoni C, Bedogni G, Berni Canani R, Brambilla P, Nobili V, Pietrobelli A.",Int J Obes (Lond). 2012 Oct;36(10):1270-7. doi: 10.1038/ijo.2012.54. Epub 2012 Apr 24. Review.,Int J Obes (Lond).  2012,PubMed,citation,PMID:22531091,pubmed,22531091,create date:2012/04/26 | first author:Cianfarani S
Roles of one-carbon metabolism in preimplantation period--effects on short-term development and long-term programming--.,/pubmed/22450283,"Ikeda S, Koyama H, Sugimoto M, Kume S.",J Reprod Dev. 2012;58(1):38-43. Review.,J Reprod Dev.  2012,PubMed,citation,PMID:22450283,pubmed,22450283,create date:2012/03/28 | first author:Ikeda S
Mechanisms affecting neuroendocrine and epigenetic regulation of body weight and onset of puberty: potential implications in the child born small for gestational age (SGA).,/pubmed/22415297,"Roth CL, Sathyanarayana S.",Rev Endocr Metab Disord. 2012 Jun;13(2):129-40. doi: 10.1007/s11154-012-9212-x. Review.,Rev Endocr Metab Disord.  2012,PubMed,citation,PMID:22415297,pubmed,22415297,create date:2012/03/15 | first author:Roth CL
"Interplay of early-life nutritional programming on obesity, inflammation and epigenetic outcomes.",/pubmed/22390978,"Martínez JA, Cordero P, Campión J, Milagro FI.",Proc Nutr Soc. 2012 May;71(2):276-83. doi: 10.1017/S0029665112000055. Epub 2012 Mar 6.,Proc Nutr Soc.  2012,PubMed,citation,PMID:22390978,pubmed,22390978,create date:2012/03/07 | first author:Martínez JA
"Obesogens, stem cells and the developmental programming of obesity.",/pubmed/22372658,"Janesick A, Blumberg B.",Int J Androl. 2012 Jun;35(3):437-48. doi: 10.1111/j.1365-2605.2012.01247.x. Epub 2012 Feb 28. Review.,Int J Androl.  2012,PubMed,citation,PMID:22372658 | PMCID:PMC3358413,pubmed,22372658,create date:2012/03/01 | first author:Janesick A
Deciphering energy-associated gene networks operating in the response of Arabidopsis plants to stress and nutritional cues.,/pubmed/22288575,"Avin-Wittenberg T, Tzin V, Angelovici R, Less H, Galili G.",Plant J. 2012 Jun;70(6):954-66. doi: 10.1111/j.1365-313X.2012.04926.x. Epub 2012 Apr 4.,Plant J.  2012,PubMed,citation,PMID:22288575,pubmed,22288575,create date:2012/02/01 | first author:Avin-Wittenberg T
Epigenetic changes in fetal hypothalamic energy regulating pathways are associated with maternal undernutrition and twinning.,/pubmed/22223754,"Begum G, Stevens A, Smith EB, Connor K, Challis JR, Bloomfield F, White A.",FASEB J. 2012 Apr;26(4):1694-703. doi: 10.1096/fj.11-198762. Epub 2012 Jan 5.,FASEB J.  2012,PubMed,citation,PMID:22223754 | PMCID:PMC3316895,pubmed,22223754,create date:2012/01/10 | first author:Begum G
An integer linear programming approach for finding deregulated subgraphs in regulatory networks.,/pubmed/22210863,"Backes C, Rurainski A, Klau GW, Müller O, Stöckel D, Gerasch A, Küntzer J, Maisel D, Ludwig N, Hein M, Keller A, Burtscher H, Kaufmann M, Meese E, Lenhof HP.",Nucleic Acids Res. 2012 Mar;40(6):e43. doi: 10.1093/nar/gkr1227. Epub 2011 Dec 30.,Nucleic Acids Res.  2012,PubMed,citation,PMID:22210863 | PMCID:PMC3315310,pubmed,22210863,create date:2012/01/03 | first author:Backes C
A common cause for a common phenotype: the gatekeeper hypothesis in fetal programming.,/pubmed/22047985,"McMullen S, Langley-Evans SC, Gambling L, Lang C, Swali A, McArdle HJ.",Med Hypotheses. 2012 Jan;78(1):88-94. doi: 10.1016/j.mehy.2011.09.047. Epub 2011 Nov 1.,Med Hypotheses.  2012,PubMed,citation,PMID:22047985 | PMCID:PMC3426771,pubmed,22047985,create date:2011/11/04 | first author:McMullen S
"Nutrition, epigenetics, and metabolic syndrome.",/pubmed/22044276,"Wang J, Wu Z, Li D, Li N, Dindot SV, Satterfield MC, Bazer FW, Wu G.",Antioxid Redox Signal. 2012 Jul 15;17(2):282-301. doi: 10.1089/ars.2011.4381. Epub 2012 Jan 13. Review.,Antioxid Redox Signal.  2012,PubMed,citation,PMID:22044276 | PMCID:PMC3353821,pubmed,22044276,create date:2011/11/03 | first author:Wang J
"Fetal, maternal, and placental sources of serotonin and new implications for developmental programming of the brain.",/pubmed/22001683,"Bonnin A, Levitt P.",Neuroscience. 2011 Dec 1;197:1-7. doi: 10.1016/j.neuroscience.2011.10.005. Epub 2011 Oct 8. Review.,Neuroscience.  2011,PubMed,citation,PMID:22001683 | PMCID:PMC3225275,pubmed,22001683,create date:2011/10/18 | first author:Bonnin A
The changing understanding of ageing. Part 3: Diseases of ageing.,/pubmed/21947966,Lawler DF.,Vet Ital. 2011 Jul-Sep;47(3):255-69.,Vet Ital.  2011,PubMed,citation,PMID:21947966,pubmed,21947966,create date:2011/09/29 | first author:Lawler DF
Evidence for age-related and individual-specific changes in DNA methylation profile of mononuclear cells during early immune development in humans.,/pubmed/21814035,"Martino DJ, Tulic MK, Gordon L, Hodder M, Richman TR, Metcalfe J, Prescott SL, Saffery R.",Epigenetics. 2011 Sep 1;6(9):1085-94. doi: 10.4161/epi.6.9.16401. Epub 2011 Sep 1.,Epigenetics.  2011,PubMed,citation,PMID:21814035,pubmed,21814035,create date:2011/08/05 | first author:Martino DJ
Genome-wide profiling of diel and circadian gene expression in the malaria vector Anopheles gambiae.,/pubmed/21715657,"Rund SS, Hou TY, Ward SM, Collins FH, Duffield GE.",Proc Natl Acad Sci U S A. 2011 Aug 9;108(32):E421-30. doi: 10.1073/pnas.1100584108. Epub 2011 Jun 29.,Proc Natl Acad Sci U S A.  2011,PubMed,citation,PMID:21715657 | PMCID:PMC3156198,pubmed,21715657,create date:2011/07/01 | first author:Rund SS
Maternal influences on epigenetic programming of the developing hypothalamic-pituitary-adrenal axis.,/pubmed/21656659,"Grace CE, Kim SJ, Rogers JM.",Birth Defects Res A Clin Mol Teratol. 2011 Aug;91(8):797-805. doi: 10.1002/bdra.20824. Epub 2011 Jun 7. Review.,Birth Defects Res A Clin Mol Teratol.  2011,PubMed,citation,PMID:21656659,pubmed,21656659,create date:2011/06/10 | first author:Grace CE
Epigenetic aspects of posttraumatic stress disorder.,/pubmed/21508512,"Schmidt U, Holsboer F, Rein T.",Dis Markers. 2011;30(2-3):77-87. doi: 10.3233/DMA-2011-0749. Review.,Dis Markers.  2011,PubMed,citation,PMID:21508512 | PMCID:PMC3825244,pubmed,21508512,create date:2011/04/22 | first author:Schmidt U
Optimization of a blueprint for in vitro glycolysis by metabolic real-time analysis.,/pubmed/21423171,"Bujara M, Schümperli M, Pellaux R, Heinemann M, Panke S.",Nat Chem Biol. 2011 May;7(5):271-7. doi: 10.1038/nchembio.541. Epub 2011 Mar 20.,Nat Chem Biol.  2011,PubMed,citation,PMID:21423171,pubmed,21423171,create date:2011/03/23 | first author:Bujara M
Consequences of fetal programming for cardiovascular disease in adulthood.,/pubmed/21418386,"Leach L, Mann GE.",Microcirculation. 2011 May;18(4):253-5. doi: 10.1111/j.1549-8719.2011.00097.x.,Microcirculation.  2011,PubMed,citation,PMID:21418386,pubmed,21418386,create date:2011/03/23 | first author:Leach L
The developmental aging and origins of health and disease hypotheses explained by different protein networks.,/pubmed/21380541,"Feltes BC, de Faria Poloni J, Bonatto D.",Biogerontology. 2011 Aug;12(4):293-308. doi: 10.1007/s10522-011-9325-8. Epub 2011 Mar 5.,Biogerontology.  2011,PubMed,citation,PMID:21380541,pubmed,21380541,create date:2011/03/08 | first author:Feltes BC
Expression discordance of monozygotic twins at birth: effect of intrauterine environment and a possible mechanism for fetal programming.,/pubmed/21358273,"Gordon L, Joo JH, Andronikos R, Ollikainen M, Wallace EM, Umstad MP, Permezel M, Oshlack A, Morley R, Carlin JB, Saffery R, Smyth GK, Craig JM.",Epigenetics. 2011 May;6(5):579-92. Epub 2011 May 1.,Epigenetics.  2011,PubMed,citation,PMID:21358273,pubmed,21358273,create date:2011/03/02 | first author:Gordon L
Glutaminolysis: supplying carbon or nitrogen or both for cancer cells?,/pubmed/20948290,Dang CV.,Cell Cycle. 2010 Oct 1;9(19):3884-6. Epub 2010 Oct 9.,Cell Cycle.  2010,PubMed,citation,PMID:20948290,pubmed,20948290,create date:2010/10/16 | first author:Dang CV
The BioPAX community standard for pathway data sharing.,/pubmed/20829833,"Demir E, Cary MP, Paley S, Fukuda K, Lemer C, Vastrik I, Wu G, D'Eustachio P, Schaefer C, Luciano J, Schacherer F, Martinez-Flores I, Hu Z, Jimenez-Jacinto V, Joshi-Tope G, Kandasamy K, Lopez-Fuentes AC, Mi H, Pichler E, Rodchenkov I, Splendiani A, Tkachev S, et al.","Nat Biotechnol. 2010 Sep;28(9):935-42. doi: 10.1038/nbt.1666. Epub 2010 Sep 9. Erratum in: Nat Biotechnol. 2010 Dec;28(12):1308.  Nat Biotechnol. 2012 Apr;30(4):365. Reubenacker, Oliver [corrected to Ruebenacker, Oliver]. ",Nat Biotechnol.  2010,PubMed,citation,PMID:20829833 | PMCID:PMC3001121,pubmed,20829833,create date:2010/09/11 | first author:Demir E
Early life programming and neurodevelopmental disorders.,/pubmed/20674602,"Bale TL, Baram TZ, Brown AS, Goldstein JM, Insel TR, McCarthy MM, Nemeroff CB, Reyes TM, Simerly RB, Susser ES, Nestler EJ.",Biol Psychiatry. 2010 Aug 15;68(4):314-9. doi: 10.1016/j.biopsych.2010.05.028. Review.,Biol Psychiatry.  2010,PubMed,citation,PMID:20674602 | PMCID:PMC3168778,pubmed,20674602,create date:2010/08/03 | first author:Bale TL
Maternal obesity and fetal metabolic programming: a fertile epigenetic soil.,/pubmed/20631295,"Heerwagen MJ, Miller MR, Barbour LA, Friedman JE.",Am J Physiol Regul Integr Comp Physiol. 2010 Sep;299(3):R711-22. doi: 10.1152/ajpregu.00310.2010. Epub 2010 Jul 14. Review.,Am J Physiol Regul Integr Comp Physiol.  2010,PubMed,citation,PMID:20631295 | PMCID:PMC2944425,pubmed,20631295,create date:2010/07/16 | first author:Heerwagen MJ
The mitochondrial proteome: a dynamic functional program in tissues and disease states.,/pubmed/20544878,Balaban RS.,Environ Mol Mutagen. 2010 Jun;51(5):352-9. doi: 10.1002/em.20574. Review.,Environ Mol Mutagen.  2010,PubMed,citation,PMID:20544878 | PMCID:PMC3209511,pubmed,20544878,create date:2010/06/15 | first author:Balaban RS
BioMet Toolbox: genome-wide analysis of metabolism.,/pubmed/20483918,"Cvijovic M, Olivares-Hernández R, Agren R, Dahr N, Vongsangnak W, Nookaew I, Patil KR, Nielsen J.",Nucleic Acids Res. 2010 Jul;38(Web Server issue):W144-9. doi: 10.1093/nar/gkq404. Epub 2010 May 18.,Nucleic Acids Res.  2010,PubMed,citation,PMID:20483918 | PMCID:PMC2896146,pubmed,20483918,create date:2010/05/21 | first author:Cvijovic M
OptFlux: an open-source software platform for in silico metabolic engineering.,/pubmed/20403172,"Rocha I, Maia P, Evangelista P, Vilaça P, Soares S, Pinto JP, Nielsen J, Patil KR, Ferreira EC, Rocha M.",BMC Syst Biol. 2010 Apr 19;4:45. doi: 10.1186/1752-0509-4-45.,BMC Syst Biol.  2010,PubMed,citation,PMID:20403172 | PMCID:PMC2864236,pubmed,20403172,create date:2010/04/21 | first author:Rocha I
Optimal in silico target gene deletion through nonlinear programming for genetic engineering.,/pubmed/20195367,"Hong CC, Song M.",PLoS One. 2010 Feb 24;5(2):e9331. doi: 10.1371/journal.pone.0009331.,PLoS One.  2010,PubMed,citation,PMID:20195367 | PMCID:PMC2827548,pubmed,20195367,create date:2010/03/03 | first author:Hong CC
Cell Illustrator 4.0: a computational platform for systems biology.,/pubmed/22430219,"Nagasaki M, Saito A, Jeong E, Li C, Kojima K, Ikeda E, Miyano S.",In Silico Biol. 2010;10(1):5-26. doi: 10.3233/ISB-2010-0415.,In Silico Biol.  2010,PubMed,citation,PMID:22430219,pubmed,22430219,create date:2010/01/01 | first author:Nagasaki M
Detecting drug targets with minimum side effects in metabolic networks.,/pubmed/19947778,"Li Z, Wang RS, Zhang XS, Chen L.",IET Syst Biol. 2009 Nov;3(6):523-33. doi: 10.1049/iet-syb.2008.0166.,IET Syst Biol.  2009,PubMed,citation,PMID:19947778,pubmed,19947778,create date:2009/12/02 | first author:Li Z
Manipulation of alternative oxidase can influence salt tolerance in Arabidopsis thaliana.,/pubmed/19941623,"Smith CA, Melino VJ, Sweetman C, Soole KL.",Physiol Plant. 2009 Dec;137(4):459-72. doi: 10.1111/j.1399-3054.2009.01305.x.,Physiol Plant.  2009,PubMed,citation,PMID:19941623,pubmed,19941623,create date:2009/11/28 | first author:Smith CA
Effects of maternal obesity on fetal growth and body composition: implications for programming and future health.,/pubmed/19853544,Freeman DJ.,Semin Fetal Neonatal Med. 2010 Apr;15(2):113-8. doi: 10.1016/j.siny.2009.09.001. Epub 2009 Oct 23. Review.,Semin Fetal Neonatal Med.  2010,PubMed,citation,PMID:19853544,pubmed,19853544,create date:2009/10/27 | first author:Freeman DJ
Transcriptional profiling of rats subjected to gestational undernourishment: implications for the developmental variations in metabolic traits.,/pubmed/19787071,"Morris TJ, Vickers M, Gluckman P, Gilmour S, Affara N.",PLoS One. 2009 Sep 29;4(9):e7271. doi: 10.1371/journal.pone.0007271.,PLoS One.  2009,PubMed,citation,PMID:19787071 | PMCID:PMC2749934,pubmed,19787071,create date:2009/09/30 | first author:Morris TJ
Nutritional programming of the metabolic syndrome.,/pubmed/19786987,"Symonds ME, Sebert SP, Hyatt MA, Budge H.",Nat Rev Endocrinol. 2009 Nov;5(11):604-10. doi: 10.1038/nrendo.2009.195. Epub 2009 Sep 29. Review.,Nat Rev Endocrinol.  2009,PubMed,citation,PMID:19786987,pubmed,19786987,create date:2009/09/30 | first author:Symonds ME
The early origins of later obesity: pathways and mechanisms.,/pubmed/19536665,"McMillen IC, Rattanatray L, Duffield JA, Morrison JL, MacLaughlin SM, Gentili S, Muhlhausler BS.",Adv Exp Med Biol. 2009;646:71-81. doi: 10.1007/978-1-4020-9173-5_8. Review.,Adv Exp Med Biol.  2009,PubMed,citation,PMID:19536665,pubmed,19536665,create date:2009/06/19 | first author:McMillen IC
Sexual dimorphism in environmental epigenetic programming.,/pubmed/19433243,"Gabory A, Attig L, Junien C.",Mol Cell Endocrinol. 2009 May 25;304(1-2):8-18. doi: 10.1016/j.mce.2009.02.015. Epub 2009 Mar 9. Review.,Mol Cell Endocrinol.  2009,PubMed,citation,PMID:19433243,pubmed,19433243,create date:2009/05/13 | first author:Gabory A
Multimodal networks: structure and operations.,/pubmed/19407355,"Heath LS, Sioson AA.",IEEE/ACM Trans Comput Biol Bioinform. 2009 Apr-Jun;6(2):321-32. doi: 10.1109/TCBB.2007.70243.,IEEE/ACM Trans Comput Biol Bioinform.  2009,PubMed,citation,PMID:19407355,pubmed,19407355,create date:2009/05/02 | first author:Heath LS
Mixed-integer nonlinear optimisation approach to coarse-graining biochemical networks.,/pubmed/19154082,"Maurya MR, Bornheimer SJ, Venkatasubramanian V, Subramaniam S.",IET Syst Biol. 2009 Jan;3(1):24-39. doi: 10.1049/iet-syb:20080098.,IET Syst Biol.  2009,PubMed,citation,PMID:19154082 | PMCID:PMC2749294,pubmed,19154082,create date:2009/01/22 | first author:Maurya MR
Genomic instability and histone H3 phosphorylation induction by the Ras-mitogen activated protein kinase pathway in pancreatic cancer cells.,/pubmed/19004007,"Espino PS, Pritchard S, Heng HH, Davie JR.",Int J Cancer. 2009 Feb 1;124(3):562-7. doi: 10.1002/ijc.23959.,Int J Cancer.  2009,PubMed,citation,PMID:19004007,pubmed,19004007,create date:2008/11/13 | first author:Espino PS
Applying intelligent computing techniques to modeling biological networks from expression data.,/pubmed/18973867,"Lee WP, Yang KC.",Genomics Proteomics Bioinformatics. 2008 Jun;6(2):111-20. doi: 10.1016/S1672-0229(08)60026-1.,Genomics Proteomics Bioinformatics.  2008,PubMed,citation,PMID:18973867 | PMCID:PMC5054112,pubmed,18973867,create date:2008/11/01 | first author:Lee WP
Sexual dimorphism in non-Mendelian inheritance.,/pubmed/18356736,"Vigé A, Gallou-Kabani C, Junien C.",Pediatr Res. 2008 Apr;63(4):340-7. doi: 10.1203/PDR.0b013e318165b896. Review.,Pediatr Res.  2008,PubMed,citation,PMID:18356736,pubmed,18356736,create date:2008/03/22 | first author:Vigé A
Polycystic ovary syndrome in obese adolescents.,/pubmed/18185060,"Stanley T, Misra M.",Curr Opin Endocrinol Diabetes Obes. 2008 Feb;15(1):30-6. doi: 10.1097/MED.0b013e3282f41d55. Review.,Curr Opin Endocrinol Diabetes Obes.  2008,PubMed,citation,PMID:18185060,pubmed,18185060,create date:2008/01/11 | first author:Stanley T
On the local optimal solutions of metabolic regulatory networks using information guided genetic algorithm approach and clustering analysis.,/pubmed/17669537,"Zheng Y, Yeh CW, Yang CD, Jang SS, Chu IM.",J Biotechnol. 2007 Aug 31;131(2):159-67. Epub 2007 Jul 5.,J Biotechnol.  2007,PubMed,citation,PMID:17669537,pubmed,17669537,create date:2007/08/03 | first author:Zheng Y
Effect of weight-added regulatory networks on constraint-based metabolic models of Escherichia coli.,/pubmed/17640796,"Lee SG, Park JH, Hou BK, Kim YH, Kim CM, Hwang KS.",Biosystems. 2007 Nov-Dec;90(3):843-55. Epub 2007 May 23.,Biosystems.  2007,PubMed,citation,PMID:17640796,pubmed,17640796,create date:2007/07/21 | first author:Lee SG
Integration of physiological and molecular mechanisms of the developmental origins of adult disease: new concepts and insights.,/pubmed/17637097,Symonds ME.,Proc Nutr Soc. 2007 Aug;66(3):442-50. Review.,Proc Nutr Soc.  2007,PubMed,citation,PMID:17637097,pubmed,17637097,create date:2007/07/20 | first author:Symonds ME
ESTExplorer: an expressed sequence tag (EST) assembly and annotation platform.,/pubmed/17545197,"Nagaraj SH, Deshpande N, Gasser RB, Ranganathan S.",Nucleic Acids Res. 2007 Jul;35(Web Server issue):W143-7. Epub 2007 Jun 1.,Nucleic Acids Res.  2007,PubMed,citation,PMID:17545197 | PMCID:PMC1933243,pubmed,17545197,create date:2007/06/05 | first author:Nagaraj SH
Discovering signal transduction networks using signaling domain-domain interactions.,/pubmed/17503377,"Nguyen TP, Ho TB.",Genome Inform. 2006;17(2):35-45.,Genome Inform.  2006,PubMed,citation,PMID:17503377,pubmed,17503377,create date:2007/05/16 | first author:Nguyen TP
Developmental programming of energy balance and the metabolic syndrome.,/pubmed/17466102,"Cottrell EC, Ozanne SE.",Proc Nutr Soc. 2007 May;66(2):198-206. Review.,Proc Nutr Soc.  2007,PubMed,citation,PMID:17466102,pubmed,17466102,create date:2007/05/01 | first author:Cottrell EC
CGKB: an annotation knowledge base for cowpea (Vigna unguiculata L.) methylation filtered genomic genespace sequences.,/pubmed/17445272,"Chen X, Laudeman TW, Rushton PJ, Spraggins TA, Timko MP.",BMC Bioinformatics. 2007 Apr 19;8:129.,BMC Bioinformatics.  2007,PubMed,citation,PMID:17445272 | PMCID:PMC1868039,pubmed,17445272,create date:2007/04/21 | first author:Chen X
Cyclone: java-based querying and computing with Pathway/Genome databases.,/pubmed/17392333,"Le Fèvre F, Smidtas S, Schächter V.",Bioinformatics. 2007 May 15;23(10):1299-300. Epub 2007 Mar 28.,Bioinformatics.  2007,PubMed,citation,PMID:17392333,pubmed,17392333,create date:2007/03/30 | first author:Le Fèvre F
Quantifying the metabolic capabilities of engineered Zymomonas mobilis using linear programming analysis.,/pubmed/17349037,"Tsantili IC, Karim MN, Klapa MI.",Microb Cell Fact. 2007 Mar 9;6:8.,Microb Cell Fact.  2007,PubMed,citation,PMID:17349037 | PMCID:PMC1831482,pubmed,17349037,create date:2007/03/14 | first author:Tsantili IC
Genome-scale in silico aided metabolic analysis and flux comparisons of Escherichia coli to improve succinate production.,/pubmed/16927085,"Wang Q, Chen X, Yang Y, Zhao X.",Appl Microbiol Biotechnol. 2006 Dec;73(4):887-94. Epub 2006 Aug 23.,Appl Microbiol Biotechnol.  2006,PubMed,citation,PMID:16927085,pubmed,16927085,create date:2006/08/24 | first author:Wang Q
Board-invited review: intrauterine growth retardation: implications for the animal sciences.,/pubmed/16908634,"Wu G, Bazer FW, Wallace JM, Spencer TE.",J Anim Sci. 2006 Sep;84(9):2316-37. Review.,J Anim Sci.  2006,PubMed,citation,PMID:16908634,pubmed,16908634,create date:2006/08/16 | first author:Wu G
Metabolic consequences of prematurity.,/pubmed/30754134,"Cutfield WS, Hofman PL, Sperling MA.",Expert Rev Endocrinol Metab. 2006 Mar;1(2):209-218. doi: 10.1586/17446651.1.2.209.,Expert Rev Endocrinol Metab.  2006,PubMed,citation,PMID:30754134,pubmed,30754134,create date:2006/03/01 | first author:Cutfield WS
Evolutionary programming as a platform for in silico metabolic engineering.,/pubmed/16375763,"Patil KR, Rocha I, Förster J, Nielsen J.",BMC Bioinformatics. 2005 Dec 23;6:308.,BMC Bioinformatics.  2005,PubMed,citation,PMID:16375763 | PMCID:PMC1327682,pubmed,16375763,create date:2005/12/27 | first author:Patil KR
ESTree db: a tool for peach functional genomics.,/pubmed/16351742,"Lazzari B, Caprera A, Vecchietti A, Stella A, Milanesi L, Pozzi C.",BMC Bioinformatics. 2005 Dec 1;6 Suppl 4:S16.,BMC Bioinformatics.  2005,PubMed,citation,PMID:16351742 | PMCID:PMC1866392,pubmed,16351742,create date:2005/12/15 | first author:Lazzari B
Metabolic engineering--integrating methodologies of molecular breeding and bioprocess systems engineering.,/pubmed/16233351,Shimizu H.,J Biosci Bioeng. 2002;94(6):563-73.,J Biosci Bioeng.  2002,PubMed,citation,PMID:16233351,pubmed,16233351,create date:2005/10/20 | first author:Shimizu H
Automatic detection of subsystem/pathway variants in genome analysis.,/pubmed/15961494,"Ye Y, Osterman A, Overbeek R, Godzik A.",Bioinformatics. 2005 Jun;21 Suppl 1:i478-86.,Bioinformatics.  2005,PubMed,citation,PMID:15961494,pubmed,15961494,create date:2005/06/18 | first author:Ye Y
Complementary identification of multiple flux distributions and multiple metabolic pathways.,/pubmed/15885617,"Lee DY, Fan LT, Park S, Lee SY, Shafie S, Bertók B, Friedler F.",Metab Eng. 2005 May;7(3):182-200.,Metab Eng.  2005,PubMed,citation,PMID:15885617,pubmed,15885617,create date:2005/05/12 | first author:Lee DY
Engineering mammalian cell factories for improved recombinant monoclonal antibody production: lessons from nature?,/pubmed/15880827,"Dinnis DM, James DC.",Biotechnol Bioeng. 2005 Jul 20;91(2):180-9. Review.,Biotechnol Bioeng.  2005,PubMed,citation,PMID:15880827,pubmed,15880827,create date:2005/05/10 | first author:Dinnis DM
Methyl jasmonate and yeast elicitor induce differential transcriptional and metabolic re-programming in cell suspension cultures of the model legume Medicago truncatula.,/pubmed/15605242,"Suzuki H, Reddy MS, Naoumkina M, Aziz N, May GD, Huhman DV, Sumner LW, Blount JW, Mendes P, Dixon RA.",Planta. 2005 Mar;220(5):696-707. Epub 2004 Dec 17.,Planta.  2005,PubMed,citation,PMID:15605242,pubmed,15605242,create date:2004/12/18 | first author:Suzuki H
Census of orthologous genes and self-organizing maps of biologically relevant transcriptional patterns in chickens (Gallus gallus).,/pubmed/15475162,"Wu XL, Griffin KB, Garcia MD, Michal JJ, Xiao Q, Wright RW Jr, Jiang Z.",Gene. 2004 Oct 13;340(2):213-25.,Gene.  2004,PubMed,citation,PMID:15475162,pubmed,15475162,create date:2004/10/12 | first author:Wu XL
PathMAPA: a tool for displaying gene expression and performing statistical tests on metabolic pathways at multiple levels for Arabidopsis.,/pubmed/14604444,"Pan D, Sun N, Cheung KH, Guan Z, Ma L, Holford M, Deng X, Zhao H.",BMC Bioinformatics. 2003 Nov 7;4:56.,BMC Bioinformatics.  2003,PubMed,citation,PMID:14604444 | PMCID:PMC302111,pubmed,14604444,create date:2003/11/08 | first author:Pan D
[Transmitted beta-cell dysfunction as a cause for type 2-diabetes].,/pubmed/14593616,Portha B.,Med Sci (Paris). 2003 Aug-Sep;19(8-9):847-53. Review. French. ,Med Sci (Paris).  2003,PubMed,citation,PMID:14593616,pubmed,14593616,create date:2003/11/01 | first author:Portha B
Developing a strategy to define the effects of insulin-like growth factor-1 on gene expression profile in cardiomyocytes.,/pubmed/11420298,"Liu Tj, Lai Hc, Wu W, Chinn S, Wang PH.",Circ Res. 2001 Jun 22;88(12):1231-8.,Circ Res.  2001,PubMed,citation,PMID:11420298,pubmed,11420298,create date:2001/06/23 | first author:Liu Tj
Reverse engineering of metabolic pathways from observed data using genetic programming.,/pubmed/11262962,"Koza JR, Mydlowec W, Lanza G, Yu J, Keane MA.",Pac Symp Biocomput. 2001:434-45.,Pac Symp Biocomput.  2001,PubMed,citation,PMID:11262962,pubmed,11262962,create date:2001/03/27 | first author:Koza JR
A unifying hypothesis of Alzheimer's disease. IV. Causation and sequence of events.,/pubmed/11065271,Heininger K.,Rev Neurosci. 2000;11 Spec No:213-328. Review.,Rev Neurosci.  2000,PubMed,citation,PMID:11065271,pubmed,11065271,create date:2000/11/07 | first author:Heininger K
Limits of adaptation to high dietary protein intakes.,/pubmed/10365980,Jackson AA.,Eur J Clin Nutr. 1999 Apr;53 Suppl 1:S44-52. Review.,Eur J Clin Nutr.  1999,PubMed,citation,PMID:10365980,pubmed,10365980,create date:1999/06/12 | first author:Jackson AA
Optimization of regulatory architectures in metabolic reaction networks.,/pubmed/18629921,"Hatzimanikatis V, Floudas CA, Bailey JE.",Biotechnol Bioeng. 1996 Nov 20;52(4):485-500.,Biotechnol Bioeng.  1996,PubMed,citation,PMID:18629921,pubmed,18629921,create date:1996/11/20 | first author:Hatzimanikatis V
Grammatical formalization of metabolic processes.,/pubmed/7584334,Hofestädt R.,Proc Int Conf Intell Syst Mol Biol. 1993;1:181-9.,Proc Int Conf Intell Syst Mol Biol.  1993,PubMed,citation,PMID:7584334,pubmed,7584334,create date:1993/01/01 | first author:Hofestädt R
Genes for polyketide secondary metabolic pathways in microorganisms and plants.,/pubmed/1302187,"Hopwood DA, Khosla C.",Ciba Found Symp. 1992;171:88-106; discussion 106-12. Review.,Ciba Found Symp.  1992,PubMed,citation,PMID:1302187,pubmed,1302187,create date:1992/01/01 | first author:Hopwood DA
The change in the supply with reduction equivalents in different organs of the rat during aging.,/pubmed/1877288,"Niedermüller H, Hofecker G, Skalicky M.",Z Gerontol. 1991 Mar-Apr;24(2):61-5.,Z Gerontol.  1991,PubMed,citation,PMID:1877288,pubmed,1877288,create date:1991/03/01 | first author:Niedermüller H
Effects of aging on the recycling via the pentose cycle and on the kinetics of glycogen and protein metabolism in various organs of the rat.,/pubmed/3827403,Niedermüller H.,Arch Gerontol Geriatr. 1986 Dec;5(4):305-16.,Arch Gerontol Geriatr.  1986,PubMed,citation,PMID:3827403,pubmed,3827403,create date:1986/12/01 | first author:Niedermüller H
